Date/Time,Environment:Site Outdoor Air Drybulb Temperature [C](TimeStep),Environment:Site Outdoor Air Wetbulb Temperature [C](TimeStep),SPACE2-1:Zone Total Internal Radiant Heating Rate [W](TimeStep),SPACE2-1:Zone People Occupant Count [](TimeStep),SPACE2-1:Zone Infiltration Air Change Rate [ach](TimeStep),SPACE2-1:Zone Air System Sensible Heating Rate [W](TimeStep),SPACE2-1:Zone Air System Sensible Cooling Rate [W](TimeStep),SPACE2-1:Zone Air Temperature [C](TimeStep),SPACE2-1:Zone Thermostat Cooling Setpoint Temperature [C](TimeStep),MAIN COOLING COIL 1:Cooling Coil Total Cooling Rate [W](TimeStep),MAIN COOLING COIL 1:Cooling Coil Sensible Cooling Rate [W](TimeStep),SPACE2-1 PEOPLE 1:Zone Thermal Comfort Fanger Model PMV [](TimeStep),SPACE2-1 PEOPLE 1:Zone Thermal Comfort Mean Radiant Temperature [C](TimeStep),SPACE2-1 PEOPLE 1:Zone Thermal Comfort Clothing Value [clo](TimeStep),CLG-SETP-SCH:Schedule Value [](TimeStep),AIRCOOLING-FAN:Schedule Value [](TimeStep),AIR VELOCITY-FAN:Schedule Value [](TimeStep),FANAVAILSCHED:Schedule Value [](TimeStep),Electricity:Facility [J](TimeStep),Electricity:HVAC [J](TimeStep),Electricity:Building [J](TimeStep),Fans:Electricity [J](TimeStep),SPACE2-1:Zone Mechanical Ventilation Mass Flow Rate [kg/s](TimeStep),SPACE2-1:Zone Mechanical Ventilation Air Changes per Hour [ach](TimeStep) 
 07/14  00:05:00,28.191666666666664,26.001613273636225,14.0821425,0.0,0.0,3.84615,0.0,29.282818222408119,40.0,0.0,0.0,2.122105390323495,29.17738954404863,0.7499999951999999,40.0,0.0,0.0,0.0,138009.225,0.0,138009.225,0.0,0.0,0.0 
 07/14  00:10:00,27.983333333333336,25.8385639574166,14.0821425,0.0,0.0,3.84615,0.0,29.257251919395484,40.0,0.0,0.0,2.113969398168262,29.150852660376026,0.7499999951999999,40.0,0.0,0.0,0.0,138009.225,0.0,138009.225,0.0,0.0,0.0 
 07/14  00:15:00,27.775,25.675144640486317,14.0821425,0.0,0.0,3.84615,0.0,29.231568098939986,40.0,0.0,0.0,2.105907450523228,29.124695097229404,0.7499999951999999,40.0,0.0,0.0,0.0,138009.225,0.0,138009.225,0.0,0.0,0.0 
 07/14  00:20:00,27.566666666666668,25.511379801771605,14.0821425,0.0,0.0,3.84615,0.0,29.205780585606264,40.0,0.0,0.0,2.0978703769192168,29.09887952299588,0.7499999951999999,40.0,0.0,0.0,0.0,138009.225,0.0,138009.225,0.0,0.0,0.0 
 07/14  00:25:00,27.358333333333328,25.347267437958,14.0821425,0.0,0.0,3.84615,0.0,29.179994590575928,40.0,0.0,0.0,2.0898572871722629,29.073380584900275,0.7499999951999999,40.0,0.0,0.0,0.0,138009.225,0.0,138009.225,0.0,0.0,0.0 
 07/14  00:30:00,27.15,25.182800518525334,14.0821425,0.0,0.0,3.84615,0.0,29.154342834836699,40.0,0.0,0.0,2.0819017080252557,29.048309341010758,0.7499999951999999,40.0,0.0,0.0,0.0,138009.225,0.0,138009.225,0.0,0.0,0.0 
 07/14  00:35:00,26.941666666666668,25.01798533143485,14.0821425,0.0,0.0,3.84615,0.0,29.128888381707804,40.0,0.0,0.0,2.0754224275892918,29.023498489417326,0.7499999951999999,40.0,0.0,0.0,0.0,138009.225,0.0,138009.225,0.0,0.0,0.0 
 07/14  00:40:00,26.733333333333336,24.852821158363424,14.0821425,0.0,0.0,3.84615,0.0,29.103607701254189,40.0,0.0,0.0,2.067624258273682,28.998877739513245,0.7499999951999999,40.0,0.0,0.0,0.0,138009.225,0.0,138009.225,0.0,0.0,0.0 
 07/14  00:45:00,26.525,24.68730888693277,14.0821425,0.0,0.0,3.84615,0.0,29.07846088477095,40.0,0.0,0.0,2.0598863446202695,28.974474311215098,0.7499999951999999,40.0,0.0,0.0,0.0,138009.225,0.0,138009.225,0.0,0.0,0.0 
 07/14  00:50:00,26.316666666666664,24.521446218969229,14.0821425,0.0,0.0,3.84615,0.0,29.053423463434279,40.0,0.0,0.0,2.052201609403126,28.950287531703503,0.7499999951999999,40.0,0.0,0.0,0.0,138009.225,0.0,138009.225,0.0,0.0,0.0 
 07/14  00:55:00,26.10833333333333,24.3552419264464,14.0821425,0.0,0.0,3.84615,0.0,29.02848551006658,40.0,0.0,0.0,2.0445642733444555,28.926307118167398,0.7499999951999999,40.0,0.0,0.0,0.0,138009.225,0.0,138009.225,0.0,0.0,0.0 
 07/14  01:00:00,25.9,24.18868691643404,14.0821425,0.0,0.0,3.84615,0.0,29.003641653348557,40.0,0.0,0.0,2.036970810106315,28.902519453434658,0.7499999951999999,40.0,0.0,0.0,0.0,138009.225,0.0,138009.225,0.0,0.0,0.0 
 07/14  01:05:00,25.874999999999998,24.187244215124129,14.0821425,0.0,0.0,3.84615,0.0,28.979223932422529,40.0,0.0,0.0,2.0295530149874887,28.879911194569595,0.7499999951999999,40.0,0.0,0.0,0.0,138009.225,0.0,138009.225,0.0,0.0,0.0 
 07/14  01:10:00,25.849999999999999,24.185773443273477,14.0821425,0.0,0.0,3.84615,0.0,28.95553423349621,40.0,0.0,0.0,2.022240822980962,28.857528375945987,0.7499999951999999,40.0,0.0,0.0,0.0,138009.225,0.0,138009.225,0.0,0.0,0.0 
 07/14  01:15:00,25.824999999999997,24.184257940330224,14.0821425,0.0,0.0,3.84615,0.0,28.932668213950718,40.0,0.0,0.0,2.015166531096404,28.835958862275878,0.7499999951999999,40.0,0.0,0.0,0.0,138009.225,0.0,138009.225,0.0,0.0,0.0 
 07/14  01:20:00,25.800000000000006,24.1826825488314,14.0821425,0.0,0.0,3.84615,0.0,28.910534401169888,40.0,0.0,0.0,2.0082913724984405,28.814789711522257,0.7499999951999999,40.0,0.0,0.0,0.0,138009.225,0.0,138009.225,0.0,0.0,0.0 
 07/14  01:25:00,25.775,24.181073761556755,14.0821425,0.0,0.0,3.84615,0.0,28.88896404700428,40.0,0.0,0.0,2.0015199280579898,28.7934300807005,0.7499999951999999,40.0,0.0,0.0,0.0,138009.225,0.0,138009.225,0.0,0.0,0.0 
 07/14  01:30:00,25.75,24.179418485514085,14.0821425,0.0,0.0,3.84615,0.0,28.867874685874307,40.0,0.0,0.0,1.9949512605131284,28.77283803704367,0.7499999951999999,40.0,0.0,0.0,0.0,138009.225,0.0,138009.225,0.0,0.0,0.0 
 07/14  01:35:00,25.725,24.177721471580595,14.0821425,0.0,0.0,3.84615,0.0,28.847210479671419,40.0,0.0,0.0,1.9885206002883747,28.75264010707117,0.7499999951999999,40.0,0.0,0.0,0.0,138009.225,0.0,138009.225,0.0,0.0,0.0 
 07/14  01:40:00,25.700000000000004,24.175972890470374,14.0821425,0.0,0.0,3.84615,0.0,28.82688962785536,40.0,0.0,0.0,1.9821352807724675,28.732218979924768,0.7499999951999999,40.0,0.0,0.0,0.0,138009.225,0.0,138009.225,0.0,0.0,0.0 
 07/14  01:45:00,25.675000000000006,24.174183335651557,14.0821425,0.0,0.0,3.84615,0.0,28.80691526336492,40.0,0.0,0.0,1.9759144339575959,28.712569746448126,0.7499999951999999,40.0,0.0,0.0,0.0,138009.225,0.0,138009.225,0.0,0.0,0.0 
 07/14  01:50:00,25.650000000000003,24.172359696897293,14.0821425,0.0,0.0,3.84615,0.0,28.787318365469007,40.0,0.0,0.0,1.9697882441236705,28.693168358867035,0.7499999951999999,40.0,0.0,0.0,0.0,138009.225,0.0,138009.225,0.0,0.0,0.0 
 07/14  01:55:00,25.625000000000005,24.170480769767523,14.0821425,0.0,0.0,3.84615,0.0,28.768084605386059,40.0,0.0,0.0,1.9637735014015277,28.674098692417897,0.7499999951999999,40.0,0.0,0.0,0.0,138009.225,0.0,138009.225,0.0,0.0,0.0 
 07/14  02:00:00,25.6,24.168560044552444,14.0821425,0.0,0.0,3.84615,0.0,28.749152408874747,40.0,0.0,0.0,1.9578851465909915,28.655491968143264,0.7499999951999999,40.0,0.0,0.0,0.0,138009.225,0.0,138009.225,0.0,0.0,0.0 
 07/14  02:05:00,25.59166666666667,24.171618696971323,14.0821425,0.0,0.0,3.84615,0.0,28.730435184224349,40.0,0.0,0.0,1.9520185764078087,28.63664834999843,0.7499999951999999,40.0,0.0,0.0,0.0,138009.225,0.0,138009.225,0.0,0.0,0.0 
 07/14  02:10:00,25.583333333333337,24.17468341212435,14.0821425,0.0,0.0,3.84615,0.0,28.71196204507892,40.0,0.0,0.0,1.9462980980510652,28.61861009816109,0.7499999951999999,40.0,0.0,0.0,0.0,138009.225,0.0,138009.225,0.0,0.0,0.0 
 07/14  02:15:00,25.575000000000004,24.177730562523935,14.0821425,0.0,0.0,3.84615,0.0,28.693799965907066,40.0,0.0,0.0,1.9406600232912399,28.600863063866595,0.7499999951999999,40.0,0.0,0.0,0.0,138009.225,0.0,138009.225,0.0,0.0,0.0 
 07/14  02:20:00,25.56666666666667,24.180767205539288,14.0821425,0.0,0.0,3.84615,0.0,28.675978480123125,40.0,0.0,0.0,1.9351219934199944,28.583451653265919,0.7499999951999999,40.0,0.0,0.0,0.0,138009.225,0.0,138009.225,0.0,0.0,0.0 
 07/14  02:25:00,25.55833333333333,24.183790795535307,14.0821425,0.0,0.0,3.84615,0.0,28.658495377373126,40.0,0.0,0.0,1.9296868778689199,28.56635763475313,0.7499999951999999,40.0,0.0,0.0,0.0,138009.225,0.0,138009.225,0.0,0.0,0.0 
 07/14  02:30:00,25.55,24.18681765403061,14.0821425,0.0,0.0,3.84615,0.0,28.641335762187877,40.0,0.0,0.0,1.9243536383318012,28.549576503202745,0.7499999951999999,40.0,0.0,0.0,0.0,138009.225,0.0,138009.225,0.0,0.0,0.0 
 07/14  02:35:00,25.541666666666669,24.189825751090969,14.0821425,0.0,0.0,3.84615,0.0,28.624484790936628,40.0,0.0,0.0,1.9191189669926683,28.533103427970837,0.7499999951999999,40.0,0.0,0.0,0.0,138009.225,0.0,138009.225,0.0,0.0,0.0 
 07/14  02:40:00,25.533333333333336,24.19283354440489,14.0821425,0.0,0.0,3.84615,0.0,28.607947301697906,40.0,0.0,0.0,1.9139974969931218,28.517067826831,0.7499999951999999,40.0,0.0,0.0,0.0,138009.225,0.0,138009.225,0.0,0.0,0.0 
 07/14  02:45:00,25.525,24.195831332857368,14.0821425,0.0,0.0,3.84615,0.0,28.591716388595786,40.0,0.0,0.0,1.908958834712464,28.501235579796405,0.7499999951999999,40.0,0.0,0.0,0.0,138009.225,0.0,138009.225,0.0,0.0,0.0 
 07/14  02:50:00,25.516666666666667,24.198809701899785,14.0821425,0.0,0.0,3.84615,0.0,28.57577836954418,40.0,0.0,0.0,1.9040134550876358,28.485694178895228,0.7499999951999999,40.0,0.0,0.0,0.0,138009.225,0.0,138009.225,0.0,0.0,0.0 
 07/14  02:55:00,25.508333333333334,24.201788271190599,14.0821425,0.0,0.0,3.84615,0.0,28.560124829564985,40.0,0.0,0.0,1.899159275905718,28.47044647789974,0.7499999951999999,40.0,0.0,0.0,0.0,138009.225,0.0,138009.225,0.0,0.0,0.0 
 07/14  03:00:00,25.5,24.204756524917298,14.0821425,0.0,0.0,3.84615,0.0,28.544751385503529,40.0,0.0,0.0,1.8943936562449578,28.45548399064019,0.7499999951999999,40.0,0.0,0.0,0.0,138009.225,0.0,138009.225,0.0,0.0,0.0 
 07/14  03:05:00,25.5,24.204748905623388,14.0821425,0.0,0.0,3.84615,0.0,28.529654872575838,40.0,0.0,0.0,1.8897151923359086,28.440801856768318,0.7499999951999999,40.0,0.0,0.0,0.0,138009.225,0.0,138009.225,0.0,0.0,0.0 
 07/14  03:10:00,25.5,24.204756524917298,14.0821425,0.0,0.0,3.84615,0.0,28.514835045604206,40.0,0.0,0.0,1.8851238927076773,28.42640467835441,0.7499999951999999,40.0,0.0,0.0,0.0,138009.225,0.0,138009.225,0.0,0.0,0.0 
 07/14  03:15:00,25.5,24.204756524917298,14.0821425,0.0,0.0,3.84615,0.0,28.50029394666078,40.0,0.0,0.0,1.880619455545396,28.412290499568166,0.7499999951999999,40.0,0.0,0.0,0.0,138009.225,0.0,138009.225,0.0,0.0,0.0 
 07/14  03:20:00,25.500000000000005,24.204756524917298,14.0821425,0.0,0.0,3.84615,0.0,28.48603309229959,40.0,0.0,0.0,1.8762015180331735,28.39845363550708,0.7499999951999999,40.0,0.0,0.0,0.0,138009.225,0.0,138009.225,0.0,0.0,0.0 
 07/14  03:25:00,25.5,24.204756524917298,14.0821425,0.0,0.0,3.84615,0.0,28.472050968347209,40.0,0.0,0.0,1.871869107392163,28.384885452613668,0.7499999951999999,40.0,0.0,0.0,0.0,138009.225,0.0,138009.225,0.0,0.0,0.0 
 07/14  03:30:00,25.5,24.204756524917298,14.0821425,0.0,0.0,3.84615,0.0,28.458344622365119,40.0,0.0,0.0,1.867621726581279,28.37158368620925,0.7499999951999999,40.0,0.0,0.0,0.0,138009.225,0.0,138009.225,0.0,0.0,0.0 
 07/14  03:35:00,25.5,24.204756524917298,14.0821425,0.0,0.0,3.84615,0.0,28.44491131778221,40.0,0.0,0.0,1.8634582961975022,28.358544565420929,0.7499999951999999,40.0,0.0,0.0,0.0,138009.225,0.0,138009.225,0.0,0.0,0.0 
 07/14  03:40:00,25.5,24.204756524917298,14.0821425,0.0,0.0,3.84615,0.0,28.43174873377119,40.0,0.0,0.0,1.8593776129044575,28.345762801535117,0.7499999951999999,40.0,0.0,0.0,0.0,138009.225,0.0,138009.225,0.0,0.0,0.0 
 07/14  03:45:00,25.5,24.204756524917298,14.0821425,0.0,0.0,3.84615,0.0,28.418854886307537,40.0,0.0,0.0,1.8553785286862886,28.33323274801335,0.7499999951999999,40.0,0.0,0.0,0.0,138009.225,0.0,138009.225,0.0,0.0,0.0 
 07/14  03:50:00,25.5,24.204756524917298,14.0821425,0.0,0.0,3.84615,0.0,28.40622859506254,40.0,0.0,0.0,1.8514598524188156,28.32094811691688,0.7499999951999999,40.0,0.0,0.0,0.0,138009.225,0.0,138009.225,0.0,0.0,0.0 
 07/14  03:55:00,25.5,24.204756524917298,14.0821425,0.0,0.0,3.84615,0.0,28.393871549739968,40.0,0.0,0.0,1.8476201118640475,28.308899753925635,0.7499999951999999,40.0,0.0,0.0,0.0,138009.225,0.0,138009.225,0.0,0.0,0.0 
 07/14  04:00:00,25.5,24.204756524917298,14.0821425,0.0,0.0,3.84615,0.0,28.381769062135274,40.0,0.0,0.0,1.8438651837039946,28.297129167513945,0.7499999951999999,40.0,0.0,0.0,0.0,138009.225,0.0,138009.225,0.0,0.0,0.0 
 07/14  04:05:00,25.508333333333334,24.201780654906274,14.0821425,0.0,0.0,3.84615,0.0,28.369880472802096,40.0,0.0,0.0,1.8401908786113184,28.285625108156486,0.7499999951999999,40.0,0.0,0.0,0.0,138009.225,0.0,138009.225,0.0,0.0,0.0 
 07/14  04:10:00,25.516666666666667,24.198809701899785,14.0821425,0.0,0.0,3.84615,0.0,28.358184932734028,40.0,0.0,0.0,1.8365863660927485,28.274359751726853,0.7499999951999999,40.0,0.0,0.0,0.0,138009.225,0.0,138009.225,0.0,0.0,0.0 
 07/14  04:15:00,25.525,24.195831332857368,14.0821425,0.0,0.0,3.84615,0.0,28.34668026128935,40.0,0.0,0.0,1.8330485073916765,28.263337404908357,0.7499999951999999,40.0,0.0,0.0,0.0,138009.225,0.0,138009.225,0.0,0.0,0.0 
 07/14  04:20:00,25.53333333333334,24.19283354440489,14.0821425,0.0,0.0,3.84615,0.0,28.33537229161797,40.0,0.0,0.0,1.8295760546348956,28.252552316501025,0.7499999951999999,40.0,0.0,0.0,0.0,138009.225,0.0,138009.225,0.0,0.0,0.0 
 07/14  04:25:00,25.541666666666666,24.189825751090969,14.0821425,0.0,0.0,3.84615,0.0,28.324266747632938,40.0,0.0,0.0,1.8261693647026836,28.241998741081674,0.7499999951999999,40.0,0.0,0.0,0.0,138009.225,0.0,138009.225,0.0,0.0,0.0 
 07/14  04:30:00,25.55,24.18681765403061,14.0821425,0.0,0.0,3.84615,0.0,28.313366380871149,40.0,0.0,0.0,1.8228286862297947,28.231671356837439,0.7499999951999999,40.0,0.0,0.0,0.0,138009.225,0.0,138009.225,0.0,0.0,0.0 
 07/14  04:35:00,25.558333333333335,24.183790795535307,14.0821425,0.0,0.0,3.84615,0.0,28.302671228638759,40.0,0.0,0.0,1.8195538494200688,28.22156522406697,0.7499999951999999,40.0,0.0,0.0,0.0,138009.225,0.0,138009.225,0.0,0.0,0.0 
 07/14  04:40:00,25.56666666666667,24.180767205539288,14.0821425,0.0,0.0,3.84615,0.0,28.292179725946629,40.0,0.0,0.0,1.8163442318674182,28.211675671359147,0.7499999951999999,40.0,0.0,0.0,0.0,138009.225,0.0,138009.225,0.0,0.0,0.0 
 07/14  04:45:00,25.575000000000004,24.177730562523935,14.0821425,0.0,0.0,3.84615,0.0,28.28188958560856,40.0,0.0,0.0,1.8131989880616469,28.201998223210866,0.7499999951999999,40.0,0.0,0.0,0.0,138009.225,0.0,138009.225,0.0,0.0,0.0 
 07/14  04:50:00,25.583333333333337,24.17468341212435,14.0821425,0.0,0.0,3.84615,0.0,28.27179824848944,40.0,0.0,0.0,1.810117102570191,28.19252855927851,0.7499999951999999,40.0,0.0,0.0,0.0,138009.225,0.0,138009.225,0.0,0.0,0.0 
 07/14  04:55:00,25.59166666666667,24.17162628284753,14.0821425,0.0,0.0,3.84615,0.0,28.261903046654166,40.0,0.0,0.0,1.8070975942526797,28.18326248812864,0.7499999951999999,40.0,0.0,0.0,0.0,138009.225,0.0,138009.225,0.0,0.0,0.0 
 07/14  05:00:00,25.6,24.168560044552444,14.0821425,0.0,0.0,3.84615,0.0,28.252201243315495,40.0,0.0,0.0,1.8041393822158534,28.174195927808485,0.7499999951999999,40.0,0.0,0.0,0.0,138009.225,0.0,138009.225,0.0,0.0,0.0 
 07/14  05:05:00,25.608333333333336,24.165476073495939,14.0821425,0.0,0.0,3.84615,0.0,28.24356258848052,40.0,0.0,0.0,1.801692962260565,28.168728736049169,0.7499999951999999,40.0,0.0,0.0,0.0,138009.225,0.0,138009.225,0.0,0.0,0.0 
 07/14  05:10:00,25.616666666666668,24.162407217845244,14.0821425,0.0,0.0,3.84615,0.0,28.235825764604554,40.0,0.0,0.0,1.7992058476793312,28.161533199638208,0.7499999951999999,40.0,0.0,0.0,0.0,138009.225,0.0,138009.225,0.0,0.0,0.0 
 07/14  05:15:00,25.625000000000005,24.159314937947536,14.0821425,0.0,0.0,3.84615,0.0,28.22866112905158,40.0,0.0,0.0,1.7969526308447062,28.15489407276859,0.7499999951999999,40.0,0.0,0.0,0.0,138009.225,0.0,138009.225,0.0,0.0,0.0 
 07/14  05:20:00,25.633333333333338,24.156219090436119,14.0821425,0.0,0.0,3.84615,0.0,28.22190204953943,40.0,0.0,0.0,1.794852148551942,28.148641268476746,0.7499999951999999,40.0,0.0,0.0,0.0,138009.225,0.0,138009.225,0.0,0.0,0.0 
 07/14  05:25:00,25.641666666666667,24.153103572427967,14.0821425,0.0,0.0,3.84615,0.0,28.21579589643202,40.0,0.0,0.0,1.7929837746125768,28.143595989008966,0.7499999951999999,40.0,0.0,0.0,0.0,138009.225,0.0,138009.225,0.0,0.0,0.0 
 07/14  05:30:00,25.65,24.149987871421467,14.0821425,0.0,0.0,3.84615,0.0,28.21010404384322,40.0,0.0,0.0,1.791133580668908,28.137813844536347,0.7499999951999999,40.0,0.0,0.0,0.0,138009.225,0.0,138009.225,0.0,0.0,0.0 
 07/14  05:35:00,25.65833333333333,24.14686200022,14.0821425,0.0,0.0,3.84615,0.0,28.204642053839416,40.0,0.0,0.0,1.7894060972855553,28.132402280393305,0.7499999951999999,40.0,0.0,0.0,0.0,138009.225,0.0,138009.225,0.0,0.0,0.0 
 07/14  05:40:00,25.666666666666669,24.143726487043414,14.0821425,0.0,0.0,3.84615,0.0,28.19977371545513,40.0,0.0,0.0,1.7879310313389705,28.128587782219367,0.7499999951999999,40.0,0.0,0.0,0.0,138009.225,0.0,138009.225,0.0,0.0,0.0 
 07/14  05:45:00,25.674999999999998,24.14058126361243,14.0821425,0.0,0.0,3.84615,0.0,28.196128932565299,40.0,0.0,0.0,1.7867940342930556,28.126529201578017,0.7499999951999999,40.0,0.0,0.0,0.0,138009.225,0.0,138009.225,0.0,0.0,0.0 
 07/14  05:50:00,25.683333333333335,24.13742608516707,14.0821425,0.0,0.0,3.84615,0.0,28.193872474201599,40.0,0.0,0.0,1.7859672551004693,28.125172417847009,0.7499999951999999,40.0,0.0,0.0,0.0,138009.225,0.0,138009.225,0.0,0.0,0.0 
 07/14  05:55:00,25.691666666666664,24.134265531465599,14.0821425,0.0,0.0,3.84615,0.0,28.192468157536074,40.0,0.0,0.0,1.7853287449383442,28.12337675777673,0.7499999951999999,40.0,0.0,0.0,0.0,138009.225,0.0,138009.225,0.0,0.0,0.0 
 07/14  06:00:00,25.7,24.131100126765614,14.0821425,0.0,0.0,3.84615,0.0,28.191854393505325,40.0,0.0,0.0,1.7850451461752113,28.123118200877714,0.7499999951999999,40.0,0.0,0.0,0.0,138009.225,0.0,138009.225,0.0,0.0,0.0 
 07/14  06:05:00,25.71666666666666,24.113468992165108,14.0821425,0.0,0.0,3.84615,0.0,28.191972720916348,40.0,0.0,0.0,1.4789012776306539,28.123386281693067,0.46426933558456126,40.0,0.0,0.0,0.0,138009.225,0.0,138009.225,0.0,0.0,0.0 
 07/14  06:10:00,25.733333333333336,24.095792098263528,14.0821425,0.0,0.0,3.84615,0.0,28.192708482495556,40.0,0.0,0.0,1.4790377291231099,28.12416364252712,0.46426933558456126,40.0,0.0,0.0,0.0,138009.225,0.0,138009.225,0.0,0.0,0.0 
 07/14  06:15:00,25.75,24.078041629009893,14.0821425,0.0,0.0,3.84615,0.0,28.193950054899746,40.0,0.0,0.0,1.4793669876756093,28.125482335594194,0.46426933558456126,40.0,0.0,0.0,0.0,138009.225,0.0,138009.225,0.0,0.0,0.0 
 07/14  06:20:00,25.76666666666667,24.060217114241178,14.0821425,0.0,0.0,3.84615,0.0,28.195588530565755,40.0,0.0,0.0,1.4798673546790882,28.1273646012507,0.46426933558456126,40.0,0.0,0.0,0.0,138009.225,0.0,138009.225,0.0,0.0,0.0 
 07/14  06:25:00,25.78333333333333,24.042330933056904,14.0821425,0.0,0.0,3.84615,0.0,28.19747000449575,40.0,0.0,0.0,1.480521316498499,28.129819691495397,0.46426933558456126,40.0,0.0,0.0,0.0,138009.225,0.0,138009.225,0.0,0.0,0.0 
 07/14  06:30:00,25.799999999999998,24.024364701431563,14.0821425,0.0,0.0,3.84615,0.0,28.199670836447205,40.0,0.0,0.0,1.481281943423334,28.1327051099962,0.46426933558456126,40.0,0.0,0.0,0.0,138009.225,0.0,138009.225,0.0,0.0,0.0 
 07/14  06:35:00,25.816666666666668,24.006341334613578,14.0821425,0.0,0.0,3.84615,0.0,28.20259044906984,40.0,0.0,0.0,1.4823277015736943,28.137053132054214,0.46426933558456126,40.0,0.0,0.0,0.0,138009.225,0.0,138009.225,0.0,0.0,0.0 
 07/14  06:40:00,25.833333333333337,23.988242954503588,14.0821425,0.0,0.0,3.84615,0.0,28.20662006472452,40.0,0.0,0.0,1.4836475540142545,28.142401900938496,0.46426933558456126,40.0,0.0,0.0,0.0,138009.225,0.0,138009.225,0.0,0.0,0.0 
 07/14  06:45:00,25.849999999999999,23.97007322082447,14.0821425,0.0,0.0,3.84615,0.0,28.212122873574314,40.0,0.0,0.0,1.48535982751012,28.14910349828354,0.46426933558456126,40.0,0.0,0.0,0.0,138009.225,0.0,138009.225,0.0,0.0,0.0 
 07/14  06:50:00,25.866666666666665,23.951832364572316,14.0821425,0.0,0.0,3.84615,0.0,28.218841217941056,40.0,0.0,0.0,1.4872851905450218,28.155687007638517,0.46426933558456126,40.0,0.0,0.0,0.0,138009.225,0.0,138009.225,0.0,0.0,0.0 
 07/14  06:55:00,25.883333333333334,23.93352398867404,14.0821425,0.0,0.0,3.84615,0.0,28.22658297005387,40.0,0.0,0.0,1.4895483146343123,28.16318076784968,0.46426933558456126,40.0,0.0,0.0,0.0,138009.225,0.0,138009.225,0.0,0.0,0.0 
 07/14  07:00:00,25.9,23.915140423089185,14.0821425,0.0,0.0,3.84615,0.0,28.235504061131669,40.0,0.0,0.0,1.4921886068574904,28.17201832176524,0.46426933558456126,40.0,0.0,0.0,0.0,138009.225,0.0,138009.225,0.0,0.0,0.0 
 07/14  07:05:00,25.924999999999998,23.904651175518614,14.0821425,0.0,0.0,3.84615,0.0,28.245581450690247,40.0,0.0,0.0,1.4951028812715242,28.181405959480114,0.46426933558456126,40.0,0.0,0.0,0.0,138009.225,0.0,138009.225,0.0,0.0,0.0 
 07/14  07:10:00,25.95,23.89410114894001,14.0821425,0.0,0.0,3.84615,0.0,28.25679146659447,40.0,0.0,0.0,1.498354322994029,28.191759695786194,0.46426933558456126,40.0,0.0,0.0,0.0,138009.225,0.0,138009.225,0.0,0.0,0.0 
 07/14  07:15:00,25.974999999999999,23.883449291224424,14.0821425,0.0,0.0,3.84615,0.0,28.26910870333082,40.0,0.0,0.0,1.5019207829793418,28.202965706585105,0.46426933558456126,40.0,0.0,0.0,0.0,138009.225,0.0,138009.225,0.0,0.0,0.0 
 07/14  07:20:00,26.0,23.872720215841527,14.0821425,0.0,0.0,3.84615,0.0,28.282506077178927,40.0,0.0,0.0,1.5058086825189537,28.215089497138146,0.46426933558456126,40.0,0.0,0.0,0.0,138009.225,0.0,138009.225,0.0,0.0,0.0 
 07/14  07:25:00,26.025,23.861905960080685,14.0821425,0.0,0.0,3.84615,0.0,28.2969127502448,40.0,0.0,0.0,1.5099747146198002,28.227889349977173,0.46426933558456126,40.0,0.0,0.0,0.0,138009.225,0.0,138009.225,0.0,0.0,0.0 
 07/14  07:30:00,26.049999999999998,23.851000890535816,14.0821425,0.0,0.0,3.84615,0.0,28.312240761622019,40.0,0.0,0.0,1.514416014811632,28.241417602440714,0.46426933558456126,40.0,0.0,0.0,0.0,138009.225,0.0,138009.225,0.0,0.0,0.0 
 07/14  07:35:00,26.074999999999997,23.84001892136531,14.0821425,0.0,0.0,3.84615,0.0,28.32848715573172,40.0,0.0,0.0,1.5191481129504765,28.255857356006396,0.46426933558456126,40.0,0.0,0.0,0.0,138009.225,0.0,138009.225,0.0,0.0,0.0 
 07/14  07:40:00,26.1,23.828941987674619,14.0821425,0.0,0.0,3.84615,0.0,28.345655972276459,40.0,0.0,0.0,1.5241498842722037,28.27108117178421,0.46426933558456126,40.0,0.0,0.0,0.0,138009.225,0.0,138009.225,0.0,0.0,0.0 
 07/14  07:45:00,26.125,23.817787717719808,14.0821425,0.0,0.0,3.84615,0.0,28.36371859631222,40.0,0.0,0.0,1.5294147753503165,28.2870454028887,0.46426933558456126,40.0,0.0,0.0,0.0,138009.225,0.0,138009.225,0.0,0.0,0.0 
 07/14  07:50:00,26.15,23.806538543117286,14.0821425,0.0,0.0,3.84615,0.0,28.382625000528625,40.0,0.0,0.0,1.5349344734176085,28.30372734333129,0.46426933558456126,40.0,0.0,0.0,0.0,138009.225,0.0,138009.225,0.0,0.0,0.0 
 07/14  07:55:00,26.175,23.79520651806841,14.0821425,0.0,0.0,3.84615,0.0,28.402323527278957,40.0,0.0,0.0,1.5406979882036543,28.321108488321405,0.46426933558456126,40.0,0.0,0.0,0.0,138009.225,0.0,138009.225,0.0,0.0,0.0 
 07/14  08:00:00,26.2,23.783797313841288,14.0821425,0.0,0.0,3.84615,0.0,28.42282290731437,40.0,0.0,0.0,1.5467133565296263,28.339289791933447,0.46426933558456126,40.0,0.0,0.0,0.0,138009.225,0.0,138009.225,0.0,0.0,0.0 
 07/14  08:05:00,26.241666666666668,23.788073383526464,328.78700702017286,5.0,0.0,3.84615,0.0,28.75327322152858,24.0,0.0,0.0,1.5678076740813738,28.450101551747509,0.46426933558456126,24.0,0.0,0.0,0.0,2544166.05,0.0,2544166.05,0.0,0.0,0.0 
 07/14  08:10:00,26.28333333333333,23.79225489957888,324.7732433045684,5.0,0.0,69.23069999999997,0.0,29.02301903689068,24.0,0.0,0.0,1.6389749267629319,28.53947134287955,0.46426933558456126,24.0,0.0,0.0,0.0,2544166.05,0.0,2544166.05,0.0,0.0,0.0 
 07/14  08:15:00,26.325,23.79631442142935,322.0381070690437,5.0,0.0,69.2307,0.0,29.20531165201306,24.0,0.0,0.0,1.7006632941807765,28.63205258736422,0.46426933558456126,24.0,0.0,0.0,0.0,2544166.05,0.0,2544166.05,0.0,0.0,0.0 
 07/14  08:20:00,26.366666666666668,23.800255403733848,321.16754702730796,5.0,0.0,69.23070000000002,0.0,29.5710248226542,24.0,0.0,0.0,1.7463792214904044,28.711464764711655,0.46426933558456126,24.0,0.0,0.0,0.0,2544166.05,0.0,2544166.05,0.0,0.0,0.0 
 07/14  08:25:00,26.40833333333333,23.804086817523115,318.31136158878828,5.0,0.0,69.2307,0.0,29.76389920946069,24.0,0.0,0.0,1.8309336702097108,28.813942932260475,0.46426933558456126,24.0,0.0,0.0,0.0,2544166.05,0.0,2544166.05,0.0,0.0,0.0 
 07/14  08:30:00,26.45,23.807803585171404,316.9578085148445,5.0,0.0,69.2307,0.0,29.86671286372401,24.0,0.0,0.0,1.8883062800705879,28.906349247792205,0.46426933558456126,24.0,0.0,0.0,0.0,2544166.05,0.0,2544166.05,0.0,0.0,0.0 
 07/14  08:35:00,26.491666666666668,23.811402352982609,316.122807930642,5.0,0.0,69.2307,0.0,29.949352319411525,24.0,0.0,0.0,1.9317435847121292,28.993657840915565,0.46426933558456126,24.0,0.0,0.0,0.0,2544166.05,0.0,2544166.05,0.0,0.0,0.0 
 07/14  08:40:00,26.53333333333333,23.814881992831365,315.5776396926002,5.0,0.0,69.2307,0.0,30.03677961897971,24.0,0.0,0.0,1.9715017436152334,29.0759009046972,0.46426933558456126,24.0,0.0,0.0,0.0,2544166.05,0.0,2544166.05,0.0,0.0,0.0 
 07/14  08:45:00,26.575,23.81825706624289,314.79806518391856,5.0,0.0,69.2307,0.0,30.126297271780144,24.0,0.0,0.0,2.012068367280028,29.158609911629428,0.46426933558456126,24.0,0.0,0.0,0.0,2544166.05,0.0,2544166.05,0.0,0.0,0.0 
 07/14  08:50:00,26.616666666666668,23.821505338747977,313.99726403301227,5.0,0.0,69.2307,0.0,30.212404551562707,24.0,0.0,0.0,2.0528043249005147,29.24031812217174,0.46426933558456126,24.0,0.0,0.0,0.0,2544166.05,0.0,2544166.05,0.0,0.0,0.0 
 07/14  08:55:00,26.65833333333333,23.824633288411673,313.2245009947253,5.0,0.0,69.2307,0.0,30.293869580612375,24.0,0.0,0.0,2.088951290090109,29.320624586711845,0.46426933558456126,24.0,0.0,0.0,0.0,2544166.05,0.0,2544166.05,0.0,0.0,0.0 
 07/14  09:00:00,26.7,23.82765740000007,312.4911696211831,5.0,0.0,69.2307,0.0,30.37211850161495,24.0,0.0,0.0,2.1183422449755748,29.39932372869862,0.46426933558456126,24.0,0.0,0.0,0.0,2544166.05,0.0,2544166.05,0.0,0.0,0.0 
 07/14  09:05:00,26.749999999999998,23.826273668393744,391.53089010974147,5.0,0.0,69.2307,0.0,30.60531713781361,24.0,0.0,0.0,2.1500716447961096,29.49589022106978,0.46426933558456126,24.0,0.0,0.0,0.0,3402175.275,0.0,3402175.275,0.0,0.0,0.0 
 07/14  09:10:00,26.8,23.82470996786935,389.4137368690448,5.0,0.0,73.07685,0.0,30.73183705862298,24.0,0.0,0.0,2.209395778479353,29.59641160209958,0.46426933558456126,24.0,0.0,0.0,0.0,3402175.275,0.0,3402175.275,0.0,0.0,0.0 
 07/14  09:15:00,26.849999999999999,23.822948650933463,387.56513492678178,5.0,0.0,73.07685,0.0,30.89038994299859,24.0,0.0,0.0,2.2493989500381645,29.697748440596376,0.46426933558456126,24.0,0.0,0.0,0.0,3402175.275,0.0,3402175.275,0.0,0.0,0.0 
 07/14  09:20:00,26.9,23.820978518141986,386.801497539036,5.0,0.0,73.07685,0.0,31.055218067076479,24.0,0.0,0.0,2.2961151214645989,29.78782185143706,0.46426933558456126,24.0,0.0,0.0,0.0,3402175.275,0.0,3402175.275,0.0,0.0,0.0 
 07/14  09:25:00,26.949999999999997,23.818808706970829,385.2789966966065,5.0,0.0,73.07685,0.0,31.18727002567821,24.0,0.0,0.0,2.3484648992868188,29.885963096685278,0.46426933558456126,24.0,0.0,0.0,0.0,3402175.275,0.0,3402175.275,0.0,0.0,0.0 
 07/14  09:30:00,27.0,23.816430391949085,384.0528423458732,5.0,0.0,73.07685,0.0,31.287332221998978,24.0,0.0,0.0,2.391295152972211,29.980798850935107,0.46426933558456126,24.0,0.0,0.0,0.0,3402175.275,0.0,3402175.275,0.0,0.0,0.0 
 07/14  09:35:00,27.049999999999998,23.813858142205498,383.1199317181586,5.0,0.0,73.07685,0.0,31.392364538160498,24.0,0.0,0.0,2.433294951108261,30.11461253458954,0.46426933558456126,24.0,0.0,0.0,0.0,3402175.275,0.0,3402175.275,0.0,0.0,0.0 
 07/14  09:40:00,27.1,23.811070998371095,382.13716445832037,5.0,0.0,73.07685,0.0,31.51234078096879,24.0,0.0,0.0,2.4742880777978235,30.23715764362585,0.46426933558456126,24.0,0.0,0.0,0.0,3402175.275,0.0,3402175.275,0.0,0.0,0.0 
 07/14  09:45:00,27.150000000000003,23.808093934818627,381.010160165777,5.0,0.0,73.07685,0.0,31.640859939265114,24.0,0.0,0.0,2.518404386412011,30.361693651890265,0.46426933558456126,24.0,0.0,0.0,0.0,3402175.275,0.0,3402175.275,0.0,0.0,0.0 
 07/14  09:50:00,27.2,23.804897669626088,379.79769085323076,5.0,0.0,73.07685,0.0,31.780715695455549,24.0,0.0,0.0,2.567736381425961,30.507579403095919,0.46426933558456126,24.0,0.0,0.0,0.0,3402175.275,0.0,3402175.275,0.0,0.0,0.0 
 07/14  09:55:00,27.25,23.80150145525315,378.47213944424558,5.0,0.0,73.07685,0.0,31.921969399893049,24.0,0.0,0.0,2.616527185765337,30.638697484307558,0.46426933558456126,24.0,0.0,0.0,0.0,3402175.275,0.0,3402175.275,0.0,0.0,0.0 
 07/14  10:00:00,27.3,23.797892030965035,377.12685228562347,5.0,0.0,73.07685,0.0,32.05881093140767,24.0,0.0,0.0,2.665420980782205,30.76980746142117,0.46426933558456126,24.0,0.0,0.0,0.0,3402175.275,0.0,3402175.275,0.0,0.0,0.0 
 07/14  10:05:00,27.35833333333333,23.81429865520114,387.1635127117065,5.0,0.0,73.07685,0.0,32.19273554790126,24.0,0.0,0.0,2.7128645190565687,30.902989739402999,0.46426933558456126,24.0,0.0,0.0,0.0,3510184.5,0.0,3510184.5,0.0,0.0,0.0 
 07/14  10:10:00,27.416666666666666,23.83057844287168,385.87602035668746,5.0,0.0,76.923,0.0,32.33653728127202,24.0,0.0,0.0,2.7625366415045717,31.04812871958573,0.46426933558456126,24.0,0.0,0.0,0.0,3510184.5,0.0,3510184.5,0.0,0.0,0.0 
 07/14  10:15:00,27.475,23.846688780597256,384.48705020116298,5.0,0.0,76.923,0.0,32.48073164456166,24.0,0.0,0.0,2.811576564003957,31.180825757630307,0.46426933558456126,24.0,0.0,0.0,0.0,3510184.5,0.0,3510184.5,0.0,0.0,0.0 
 07/14  10:20:00,27.533333333333336,23.862647790412266,383.0875044219256,5.0,0.0,76.923,0.0,32.618259582934587,24.0,0.0,0.0,2.860135810982088,31.31201205788467,0.46426933558456126,24.0,0.0,0.0,0.0,3510184.5,0.0,3510184.5,0.0,0.0,0.0 
 07/14  10:25:00,27.59166666666667,23.878455214998707,381.74633404514835,5.0,0.0,76.923,0.0,32.74879439541513,24.0,0.0,0.0,2.9067124325527988,31.44033942903857,0.46426933558456126,24.0,0.0,0.0,0.0,3510184.5,0.0,3510184.5,0.0,0.0,0.0 
 07/14  10:30:00,27.65,23.89410276505598,380.4676448824424,5.0,0.0,76.923,0.0,32.87508444586544,24.0,0.0,0.0,2.951350629151802,31.566365745740439,0.46426933558456126,24.0,0.0,0.0,0.0,3510184.5,0.0,3510184.5,0.0,0.0,0.0 
 07/14  10:35:00,27.708333333333337,23.909589918042788,379.2252384791089,5.0,0.0,76.923,0.0,32.990345967580427,21.82530373707414,0.0,0.0,2.9915630365730609,31.67406554638124,0.46426933558456126,21.82530373707414,0.0,0.0,0.0,3510184.5,0.0,3510184.5,0.0,0.0,0.0 
 07/14  10:40:00,27.766666666666667,23.924926320142299,378.086779925342,5.0,0.0,76.923,0.0,33.092102679688,21.82530373707414,0.0,0.0,3.028129566721413,31.774115343279975,0.46426933558456126,21.82530373707414,0.0,0.0,0.0,3510184.5,0.0,3510184.5,0.0,0.0,0.0 
 07/14  10:45:00,27.825,23.94010303715293,377.07810364972399,5.0,0.0,76.923,0.0,33.18331542559346,21.82530373707414,0.0,0.0,3.0609412011854206,31.867881414405056,0.46426933558456126,21.82530373707414,0.0,0.0,0.0,3510184.5,0.0,3510184.5,0.0,0.0,0.0 
 07/14  10:50:00,27.883333333333334,23.955120916439449,376.17107071536779,5.0,0.0,76.923,0.0,33.26806057442395,21.82530373707414,0.0,0.0,3.0906799480803515,31.956531174361858,0.46426933558456126,21.82530373707414,0.0,0.0,0.0,3510184.5,0.0,3510184.5,0.0,0.0,0.0 
 07/14  10:55:00,27.941666666666668,23.969988645943645,375.32591680361079,5.0,0.0,76.923,0.0,33.34838782457788,21.82530373707414,0.0,0.0,3.1177686389316086,32.04024534617894,0.46426933558456126,21.82530373707414,0.0,0.0,0.0,3510184.5,0.0,3510184.5,0.0,0.0,0.0 
 07/14  11:00:00,28.0,23.984688958622625,374.52265619578869,5.0,0.0,76.923,0.0,33.42457610850385,21.82530373707414,0.0,0.0,3.1425972970233539,32.119346926831429,0.46426933558456126,21.82530373707414,0.0,0.0,0.0,3510184.5,0.0,3510184.5,0.0,0.0,0.0 
 07/14  11:05:00,28.066666666666664,23.993874861692164,357.66949695691747,4.0,0.0,76.923,0.0,33.48444920114348,23.28933993168175,0.0,0.0,3.1664402151498707,32.18962160429625,0.46426933558456126,23.28933993168175,0.0,0.0,0.0,3402175.275,0.0,3402175.275,0.0,0.0,0.0 
 07/14  11:10:00,28.133333333333338,24.0028193823619,357.18823021155847,4.0,0.0,73.07685,0.0,33.5354483699452,23.28933993168175,0.0,0.0,3.187835684851049,32.257100146951319,0.46426933558456126,23.28933993168175,0.0,0.0,0.0,3402175.275,0.0,3402175.275,0.0,0.0,0.0 
 07/14  11:15:00,28.2,24.01149956252556,356.7775541902796,4.0,0.0,73.07685,0.0,33.5877539190087,23.28933993168175,0.0,0.0,3.207212493768802,32.319574833777,0.46426933558456126,23.28933993168175,0.0,0.0,0.0,3402175.275,0.0,3402175.275,0.0,0.0,0.0 
 07/14  11:20:00,28.266666666666667,24.019905133209407,356.3556523180522,4.0,0.0,73.07685,0.0,33.64246094795465,23.28933993168175,0.0,0.0,3.2262209426919417,32.37826877408941,0.46426933558456126,23.28933993168175,0.0,0.0,0.0,3402175.275,0.0,3402175.275,0.0,0.0,0.0 
 07/14  11:25:00,28.333333333333333,24.028054358924729,355.91361484953787,4.0,0.0,73.07685,0.0,33.69568320860238,23.28933993168175,0.0,0.0,3.244925138075271,32.432596321571,0.46426933558456126,23.28933993168175,0.0,0.0,0.0,3402175.275,0.0,3402175.275,0.0,0.0,0.0 
 07/14  11:30:00,28.4,24.035938322784565,355.4828238073808,4.0,0.0,73.07685,0.0,33.74564486315695,23.28933993168175,0.0,0.0,3.2631429045025279,32.48489044888718,0.46426933558456126,23.28933993168175,0.0,0.0,0.0,3402175.275,0.0,3402175.275,0.0,0.0,0.0 
 07/14  11:35:00,28.46666666666667,24.04355639247147,355.07775106692818,4.0,0.0,73.07685,0.0,33.785427946624817,25.75243960134685,0.0,0.0,3.2779008789675747,32.52068933572762,0.46426933558456126,25.75243960134685,0.0,0.0,0.0,3402175.275,0.0,3402175.275,0.0,0.0,0.0 
 07/14  11:40:00,28.53333333333333,24.050900928179453,354.7547362972533,4.0,0.0,73.07685,0.0,33.81460799663614,25.75243960134685,0.0,0.0,3.2901506663384088,32.55150979535069,0.46426933558456126,25.75243960134685,0.0,0.0,0.0,3402175.275,0.0,3402175.275,0.0,0.0,0.0 
 07/14  11:45:00,28.6,24.057980674661704,354.5175488344679,4.0,0.0,73.07685,0.0,33.836887361720709,25.75243960134685,0.0,0.0,3.29984535159709,32.57778570803656,0.46426933558456126,25.75243960134685,0.0,0.0,0.0,3402175.275,0.0,3402175.275,0.0,0.0,0.0 
 07/14  11:50:00,28.666666666666666,24.064786912343757,354.3363031638386,4.0,0.0,73.07685,0.0,33.855541594601778,25.75243960134685,0.0,0.0,3.3076891502305334,32.60015861106631,0.46426933558456126,25.75243960134685,0.0,0.0,0.0,3402175.275,0.0,3402175.275,0.0,0.0,0.0 
 07/14  11:55:00,28.733333333333336,24.071319032481854,354.1844486562129,4.0,0.0,73.07685,0.0,33.87850972262868,25.75243960134685,0.0,0.0,3.316863432283697,32.633074205218438,0.46426933558456126,25.75243960134685,0.0,0.0,0.0,3402175.275,0.0,3402175.275,0.0,0.0,0.0 
 07/14  12:00:00,28.8,24.077577928351407,353.99735202513639,4.0,0.0,73.07685,0.0,33.90180760167724,25.75243960134685,0.0,0.0,3.3245884667383849,32.65402922090682,0.46426933558456126,25.75243960134685,0.0,0.0,0.0,3402175.275,0.0,3402175.275,0.0,0.0,0.0 
 07/14  12:05:00,28.875,24.118128691465328,312.21364045635559,2.0,0.0,73.07685,0.0,33.900264878664859,20.10580904409289,0.0,0.0,3.3298134302735264,32.660925033751208,0.46426933558456126,20.10580904409289,0.0,0.0,0.0,3078147.6,0.0,3078147.6,0.0,0.0,0.0 
 07/14  12:10:00,28.95,24.15856807464331,312.2199307651262,2.0,0.0,61.5384,0.0,33.88017155786676,20.10580904409289,0.0,0.0,3.331239700227839,32.67016810286612,0.46426933558456126,20.10580904409289,0.0,0.0,0.0,3078147.6,0.0,3078147.6,0.0,0.0,0.0 
 07/14  12:15:00,29.025000000000003,24.198878562873966,312.301830996261,2.0,0.0,61.5384,0.0,33.869543478180798,20.10580904409289,0.0,0.0,3.330578742729955,32.68523048496755,0.46426933558456126,20.10580904409289,0.0,0.0,0.0,3078147.6,0.0,3078147.6,0.0,0.0,0.0 
 07/14  12:20:00,29.1,24.239077301247837,312.345129639357,2.0,0.0,61.5384,0.0,33.87237803850359,20.10580904409289,0.0,0.0,3.330001118326226,32.691900375356677,0.46426933558456126,20.10580904409289,0.0,0.0,0.0,3078147.6,0.0,3078147.6,0.0,0.0,0.0 
 07/14  12:25:00,29.174999999999998,24.279155683527898,312.3335831249363,2.0,0.0,61.5384,0.0,33.8806735710357,20.10580904409289,0.0,0.0,3.331492723017472,32.697428522925289,0.46426933558456126,20.10580904409289,0.0,0.0,0.0,3078147.6,0.0,3078147.6,0.0,0.0,0.0 
 07/14  12:30:00,29.25,24.319108615694608,312.2997854367933,2.0,0.0,61.5384,0.0,33.89343917828673,20.10580904409289,0.0,0.0,3.336078168618544,32.71480428962966,0.46426933558456126,20.10580904409289,0.0,0.0,0.0,3078147.6,0.0,3078147.6,0.0,0.0,0.0 
 07/14  12:35:00,29.325,24.358946549723897,312.2477581878158,2.0,0.0,61.5384,0.0,33.907239269216137,22.06682025082409,0.0,0.0,3.340232572361438,32.72568026088321,0.46426933558456126,22.06682025082409,0.0,0.0,0.0,3078147.6,0.0,3078147.6,0.0,0.0,0.0 
 07/14  12:40:00,29.4,24.398665342327126,312.1914908649137,2.0,0.0,61.5384,0.0,33.92312641042337,22.06682025082409,0.0,0.0,3.3459876717221,32.744319488992477,0.46426933558456126,22.06682025082409,0.0,0.0,0.0,3078147.6,0.0,3078147.6,0.0,0.0,0.0 
 07/14  12:45:00,29.474999999999999,24.43826502373156,312.1266831637195,2.0,0.0,61.5384,0.0,33.94354107693889,22.06682025082409,0.0,0.0,3.3528869976060644,32.767251827155629,0.46426933558456126,22.06682025082409,0.0,0.0,0.0,3078147.6,0.0,3078147.6,0.0,0.0,0.0 
 07/14  12:50:00,29.549999999999998,24.477737482706208,312.0433581110894,2.0,0.0,61.5384,0.0,33.963985940014058,22.06682025082409,0.0,0.0,3.3590881817367386,32.78216519524786,0.46426933558456126,22.06682025082409,0.0,0.0,0.0,3078147.6,0.0,3078147.6,0.0,0.0,0.0 
 07/14  12:55:00,29.625,24.517096202979187,311.9598552265668,2.0,0.0,61.5384,0.0,33.98513694670797,22.06682025082409,0.0,0.0,3.3667260212086527,32.80464536769672,0.46426933558456126,22.06682025082409,0.0,0.0,0.0,3078147.6,0.0,3078147.6,0.0,0.0,0.0 
 07/14  13:00:00,29.7,24.55632395604899,311.87341075851938,2.0,0.0,61.5384,0.0,34.00896612029067,22.06682025082409,0.0,0.0,3.3749555634091488,32.82962723958667,0.46426933558456126,22.06682025082409,0.0,0.0,0.0,3078147.6,0.0,3078147.6,0.0,0.0,0.0 
 07/14  13:05:00,29.78333333333333,24.602873717643754,341.58590610518339,4.0,0.0,61.5384,0.0,34.05488084792029,22.06682025082409,0.0,0.0,3.3855145059553615,32.86479795530685,0.46426933558456126,22.06682025082409,0.0,0.0,0.0,3294166.05,0.0,3294166.05,0.0,0.0,0.0 
 07/14  13:10:00,29.866666666666668,24.64931451947742,341.2099094694896,4.0,0.0,69.2307,0.0,34.10650239852725,22.06682025082409,0.0,0.0,3.397009454417257,32.883754419709728,0.46426933558456126,22.06682025082409,0.0,0.0,0.0,3294166.05,0.0,3294166.05,0.0,0.0,0.0 
 07/14  13:15:00,29.95,24.695609131527435,340.7865215997481,4.0,0.0,69.2307,0.0,34.148731826975858,22.06682025082409,0.0,0.0,3.4118127554948747,32.91497878562021,0.46426933558456126,22.06682025082409,0.0,0.0,0.0,3294166.05,0.0,3294166.05,0.0,0.0,0.0 
 07/14  13:20:00,30.03333333333333,24.741768205501754,340.439647816056,4.0,0.0,69.2307,0.0,34.18290300120392,22.06682025082409,0.0,0.0,3.4255002401022787,32.948911669846129,0.46426933558456126,22.06682025082409,0.0,0.0,0.0,3294166.05,0.0,3294166.05,0.0,0.0,0.0 
 07/14  13:25:00,30.11666666666666,24.787795000920704,340.15862361979887,4.0,0.0,69.2307,0.0,34.21538602776127,22.06682025082409,0.0,0.0,3.437951885321236,32.98378678831105,0.46426933558456126,22.06682025082409,0.0,0.0,0.0,3294166.05,0.0,3294166.05,0.0,0.0,0.0 
 07/14  13:30:00,30.2,24.83369492362875,339.89119984440938,4.0,0.0,69.2307,0.0,34.24989809590389,22.06682025082409,0.0,0.0,3.450300417634259,33.01963281564908,0.46426933558456126,22.06682025082409,0.0,0.0,0.0,3294166.05,0.0,3294166.05,0.0,0.0,0.0 
 07/14  13:35:00,30.28333333333333,24.879451268707027,339.6067693920435,4.0,0.0,69.2307,0.0,34.28309768537938,24.0,0.0,0.0,3.461789948609734,33.04856125990777,0.46426933558456126,24.0,0.0,0.0,0.0,3294166.05,0.0,3294166.05,0.0,0.0,0.0 
 07/14  13:40:00,30.366666666666668,24.92507731353024,339.3328619466331,4.0,0.0,69.2307,0.0,34.31297602172068,24.0,0.0,0.0,3.472904204267378,33.07658503066804,0.46426933558456126,24.0,0.0,0.0,0.0,3294166.05,0.0,3294166.05,0.0,0.0,0.0 
 07/14  13:45:00,30.45,24.970569447035499,339.0861096449238,4.0,0.0,69.2307,0.0,34.34007647548041,24.0,0.0,0.0,3.4832601515944447,33.10364517975776,0.46426933558456126,24.0,0.0,0.0,0.0,3294166.05,0.0,3294166.05,0.0,0.0,0.0 
 07/14  13:50:00,30.53333333333333,25.01592828526018,338.86209689627546,4.0,0.0,69.2307,0.0,34.3655765380903,24.0,0.0,0.0,3.492942049126287,33.1296970745004,0.46426933558456126,24.0,0.0,0.0,0.0,3294166.05,0.0,3294166.05,0.0,0.0,0.0 
 07/14  13:55:00,30.616666666666668,25.0611495640615,338.6511377279092,4.0,0.0,69.2307,0.0,34.39026350974741,24.0,0.0,0.0,3.5021814508104405,33.15485025011042,0.46426933558456126,24.0,0.0,0.0,0.0,3294166.05,0.0,3294166.05,0.0,0.0,0.0 
 07/14  14:00:00,30.7,25.106237957265948,338.44674326833009,4.0,0.0,69.2307,0.0,34.41439713959361,24.0,0.0,0.0,3.5111708364580926,33.17937826304752,0.46426933558456126,24.0,0.0,0.0,0.0,3294166.05,0.0,3294166.05,0.0,0.0,0.0 
 07/14  14:05:00,30.78333333333333,25.165680437099959,349.98311401127367,5.0,0.06274572179486154,69.2307,0.0,34.40852778569794,24.0,0.0,0.0,3.5207479951269859,33.207674431590969,0.46426933558456126,24.0,0.0,0.0,0.0,3360184.5,0.0,3360184.5,0.0,0.0,0.0 
 07/14  14:10:00,30.866666666666668,25.22507287395045,350.0439220785285,5.0,0.06272952972109418,76.923,0.0,34.409045356165659,24.0,0.0,0.0,3.523647041580325,33.229825631957968,0.46426933558456126,24.0,0.0,0.0,0.0,3360184.5,0.0,3360184.5,0.0,0.0,0.0 
 07/14  14:15:00,30.95,25.284413797605038,350.03856036329008,5.0,0.06271600283662395,76.923,0.0,34.42466537577633,24.0,0.0,0.0,3.527559349027809,33.25100365561651,0.46426933558456126,24.0,0.0,0.0,0.0,3360184.5,0.0,3360184.5,0.0,0.0,0.0 
 07/14  14:20:00,31.033333333333336,25.343686061885696,349.87670528688866,5.0,0.06270387232681102,76.923,0.0,34.44818293525588,24.0,0.0,0.0,3.5343017131244895,33.27232549368025,0.46426933558456126,24.0,0.0,0.0,0.0,3360184.5,0.0,3360184.5,0.0,0.0,0.0 
 07/14  14:25:00,31.116666666666668,25.402902290064625,349.63286533849017,5.0,0.06269180309440575,76.923,0.0,34.47200494267253,24.0,0.0,0.0,3.5425338001080814,33.293727025158549,0.46426933558456126,24.0,0.0,0.0,0.0,3360184.5,0.0,3360184.5,0.0,0.0,0.0 
 07/14  14:30:00,31.2,25.462074968453867,349.3856845393122,5.0,0.06267932650430817,76.923,0.0,34.493461238500099,24.0,0.0,0.0,3.550771881788864,33.31478279401021,0.46426933558456126,24.0,0.0,0.0,0.0,3360184.5,0.0,3360184.5,0.0,0.0,0.0 
 07/14  14:35:00,31.28333333333333,25.521178459023497,349.16289203692596,5.0,0.06266611449087856,76.923,0.0,34.510679374644499,24.0,0.0,0.0,3.557470925163602,33.32968618020619,0.46426933558456126,24.0,0.0,0.0,0.0,3360184.5,0.0,3360184.5,0.0,0.0,0.0 
 07/14  14:40:00,31.366666666666668,25.580216573665646,348.9839979031053,5.0,0.062652125155815,76.923,0.0,34.52341442586859,24.0,0.0,0.0,3.5628186827876777,33.34144891568168,0.46426933558456126,24.0,0.0,0.0,0.0,3360184.5,0.0,3360184.5,0.0,0.0,0.0 
 07/14  14:45:00,31.45,25.639210571015846,348.851620114242,5.0,0.06263748351223932,76.923,0.0,34.5323752219383,24.0,0.0,0.0,3.5667822062540206,33.35017259103389,0.46426933558456126,24.0,0.0,0.0,0.0,3360184.5,0.0,3360184.5,0.0,0.0,0.0 
 07/14  14:50:00,31.53333333333333,25.69814498462143,348.75844304228908,5.0,0.06262289841485885,76.923,0.0,34.541602711787898,24.0,0.0,0.0,3.5708183365064958,33.363237942650417,0.46426933558456126,24.0,0.0,0.0,0.0,3360184.5,0.0,3360184.5,0.0,0.0,0.0 
 07/14  14:55:00,31.616666666666665,25.757014491231887,348.6624653932918,5.0,0.06260811751670137,76.923,0.0,34.54965676042183,24.0,0.0,0.0,3.573617746987865,33.36913492570985,0.46426933558456126,24.0,0.0,0.0,0.0,3360184.5,0.0,3360184.5,0.0,0.0,0.0 
 07/14  15:00:00,31.7,25.815831065326344,348.57867029252977,5.0,0.06259285337196347,76.923,0.0,34.55489470802897,24.0,0.0,0.0,3.5758131904136598,33.372893372443218,0.46426933558456126,24.0,0.0,0.0,0.0,3360184.5,0.0,3360184.5,0.0,0.0,0.0 
 07/14  15:05:00,31.75833333333333,25.86740220020362,334.8441628067079,5.0,0.0,76.923,0.0,34.531032926142618,24.0,0.0,0.0,3.576529239953051,33.371371413255328,0.46426933558456126,24.0,0.0,0.0,0.0,3210184.5,0.0,3210184.5,0.0,0.0,0.0 
 07/14  15:10:00,31.816666666666668,25.918982563638524,335.0924023109816,5.0,0.0,76.923,0.0,34.502356109401578,24.0,0.0,0.0,3.5712786292612859,33.36720431475386,0.46426933558456126,24.0,0.0,0.0,0.0,3210184.5,0.0,3210184.5,0.0,0.0,0.0 
 07/14  15:15:00,31.875,25.97056377624094,335.3904876098557,5.0,0.0,76.923,0.0,34.4845564591628,24.0,0.0,0.0,3.56487675371625,33.361574931594279,0.46426933558456126,24.0,0.0,0.0,0.0,3210184.5,0.0,3210184.5,0.0,0.0,0.0 
 07/14  15:20:00,31.933333333333338,26.02215111180638,335.57537350755549,5.0,0.0,76.923,0.0,34.47541129908627,24.0,0.0,0.0,3.5598441206874047,33.35213734735275,0.46426933558456126,24.0,0.0,0.0,0.0,3210184.5,0.0,3210184.5,0.0,0.0,0.0 
 07/14  15:25:00,31.991666666666665,26.073733635510889,335.67032451316359,5.0,0.0,76.923,0.0,34.46789846715334,24.0,0.0,0.0,3.556215529874777,33.3414816341224,0.46426933558456126,24.0,0.0,0.0,0.0,3210184.5,0.0,3210184.5,0.0,0.0,0.0 
 07/14  15:30:00,32.05,26.125325365401463,335.74830718305557,5.0,0.0,76.923,0.0,34.45911944594461,24.0,0.0,0.0,3.553106175773973,33.33200825618353,0.46426933558456126,24.0,0.0,0.0,0.0,3210184.5,0.0,3210184.5,0.0,0.0,0.0 
 07/14  15:35:00,32.108333333333337,26.17691274901964,335.83940944657265,5.0,0.0,76.923,0.0,34.450211030854877,24.0,0.0,0.0,3.5501654770810426,33.32477680509677,0.46426933558456126,24.0,0.0,0.0,0.0,3210184.5,0.0,3210184.5,0.0,0.0,0.0 
 07/14  15:40:00,32.166666666666667,26.228514913838379,335.9318287276051,5.0,0.0,76.923,0.0,34.44241222195273,24.0,0.0,0.0,3.547262047852627,33.3178763369998,0.46426933558456126,24.0,0.0,0.0,0.0,3210184.5,0.0,3210184.5,0.0,0.0,0.0 
 07/14  15:45:00,32.224999999999997,26.28010965179331,336.0127152495825,5.0,0.0,76.923,0.0,34.43519303225911,24.0,0.0,0.0,3.5443671522383597,33.30986863336194,0.46426933558456126,24.0,0.0,0.0,0.0,3210184.5,0.0,3210184.5,0.0,0.0,0.0 
 07/14  15:50:00,32.28333333333333,26.331719303354384,336.0875724542179,5.0,0.0,76.923,0.0,34.427881550759959,24.0,0.0,0.0,3.5415512802266297,33.3016947828325,0.46426933558456126,24.0,0.0,0.0,0.0,3210184.5,0.0,3210184.5,0.0,0.0,0.0 
 07/14  15:55:00,32.34166666666666,26.383319144374544,336.1633692970712,5.0,0.0,76.923,0.0,34.42041059925375,24.0,0.0,0.0,3.5387494563675729,33.293688197938909,0.46426933558456126,24.0,0.0,0.0,0.0,3210184.5,0.0,3210184.5,0.0,0.0,0.0 
 07/14  16:00:00,32.4,26.434925078630994,336.24080129795507,5.0,0.0,76.923,0.0,34.41236235524044,24.0,0.0,0.0,3.5356949855539616,33.28443891637971,0.46426933558456126,24.0,0.0,0.0,0.0,3210184.5,0.0,3210184.5,0.0,0.0,0.0 
 07/14  16:05:00,32.383333333333329,26.450392687335659,308.96419619279569,5.0,0.0,76.923,0.0,34.33956037196587,24.0,0.0,0.0,3.531317151332618,33.268437649124077,0.46426933558456126,24.0,0.0,0.0,0.0,2910184.5,0.0,2910184.5,0.0,0.0,0.0 
 07/14  16:10:00,32.36666666666667,26.465806123176745,309.7175997605002,5.0,0.0,76.923,0.0,34.258941208339738,24.0,0.0,0.0,3.514392861095086,33.249036638740147,0.46426933558456126,24.0,0.0,0.0,0.0,2910184.5,0.0,2910184.5,0.0,0.0,0.0 
 07/14  16:15:00,32.349999999999997,26.48116608978245,310.5498803872537,5.0,0.0,76.923,0.0,34.20643480317775,24.0,0.0,0.0,3.4957292278831746,33.2269749825719,0.46426933558456126,24.0,0.0,0.0,0.0,2910184.5,0.0,2910184.5,0.0,0.0,0.0 
 07/14  16:20:00,32.333333333333339,26.496472584774496,311.0907941579582,5.0,0.0,76.923,0.0,34.18033644294724,24.0,0.0,0.0,3.4823928838996576,33.20550542053838,0.46426933558456126,24.0,0.0,0.0,0.0,2910184.5,0.0,2910184.5,0.0,0.0,0.0 
 07/14  16:25:00,32.31666666666666,26.511717089506523,311.35932078639646,5.0,0.0,76.923,0.0,34.16494281921605,24.0,0.0,0.0,3.473841148840015,33.184089777949399,0.46426933558456126,24.0,0.0,0.0,0.0,2910184.5,0.0,2910184.5,0.0,0.0,0.0 
 07/14  16:30:00,32.3,26.5269006159728,311.51760180531115,5.0,0.0,76.923,0.0,34.149647282634578,24.0,0.0,0.0,3.46743390791521,33.16392157672436,0.46426933558456126,24.0,0.0,0.0,0.0,2910184.5,0.0,2910184.5,0.0,0.0,0.0 
 07/14  16:35:00,32.28333333333333,26.542030830972153,311.6747975933711,5.0,0.0,76.923,0.0,34.13125567182653,24.0,0.0,0.0,3.460894554795317,33.142903765460328,0.46426933558456126,24.0,0.0,0.0,0.0,2910184.5,0.0,2910184.5,0.0,0.0,0.0 
 07/14  16:40:00,32.266666666666669,26.5571084253261,311.8637112552197,5.0,0.0,76.923,0.0,34.11110863302518,24.0,0.0,0.0,3.4538826538006295,33.122270580062167,0.46426933558456126,24.0,0.0,0.0,0.0,2910184.5,0.0,2910184.5,0.0,0.0,0.0 
 07/14  16:45:00,32.25,26.5721324847772,312.07052937306369,5.0,0.0,76.923,0.0,34.09046343294217,24.0,0.0,0.0,3.4463546803081046,33.100458580834978,0.46426933558456126,24.0,0.0,0.0,0.0,2910184.5,0.0,2910184.5,0.0,0.0,0.0 
 07/14  16:50:00,32.233333333333337,26.587088734299337,312.2823237710186,5.0,0.0,76.923,0.0,34.070125306336368,24.0,0.0,0.0,3.4388263992823164,33.0790709552504,0.46426933558456126,24.0,0.0,0.0,0.0,2910184.5,0.0,2910184.5,0.0,0.0,0.0 
 07/14  16:55:00,32.21666666666667,26.601991836834736,312.4908318213266,5.0,0.0,76.923,0.0,34.0497037925412,24.0,0.0,0.0,3.431128283561085,33.056400604370619,0.46426933558456126,24.0,0.0,0.0,0.0,2910184.5,0.0,2910184.5,0.0,0.0,0.0 
 07/14  17:00:00,32.2,26.616849851588609,312.700058800599,5.0,0.0,76.923,0.0,34.028973083507988,24.0,0.0,0.0,3.4234373022268769,33.03379523050345,0.46426933558456126,24.0,0.0,0.0,0.0,2910184.5,0.0,2910184.5,0.0,0.0,0.0 
 07/14  17:05:00,32.150000000000009,26.601874278083913,312.9123142639395,5.0,0.0,76.923,0.0,34.00789948785869,24.0,0.0,0.0,3.415632279494841,33.01080855949758,0.46426933558456126,24.0,0.0,0.0,0.0,2910184.5,0.0,2910184.5,0.0,0.0,0.0 
 07/14  17:10:00,32.1,26.586806217735906,313.12793653929688,5.0,0.0,76.923,0.0,33.986504213011858,24.0,0.0,0.0,3.40770142636546,32.987413244106289,0.46426933558456126,24.0,0.0,0.0,0.0,2910184.5,0.0,2910184.5,0.0,0.0,0.0 
 07/14  17:15:00,32.050000000000007,26.571643343909324,313.34670177465679,5.0,0.0,76.923,0.0,33.964815988534649,24.0,0.0,0.0,3.3996425172228688,32.963638202576259,0.46426933558456126,24.0,0.0,0.0,0.0,2910184.5,0.0,2910184.5,0.0,0.0,0.0 
 07/14  17:20:00,32.00000000000001,26.556387421451846,313.5683097710432,5.0,0.0,76.923,0.0,33.942867911901178,24.0,0.0,0.0,3.39153361911342,32.93952592186912,0.46426933558456126,24.0,0.0,0.0,0.0,2910184.5,0.0,2910184.5,0.0,0.0,0.0 
 07/14  17:25:00,31.95,26.541034720518778,313.7924164698116,5.0,0.0,76.923,0.0,33.920671214373,24.0,0.0,0.0,3.383312090150255,32.915020331931,0.46426933558456126,24.0,0.0,0.0,0.0,2910184.5,0.0,2910184.5,0.0,0.0,0.0 
 07/14  17:30:00,31.900000000000003,26.52558737306524,314.0189017233496,5.0,0.0,76.923,0.0,33.89822973818263,24.0,0.0,0.0,3.3749842690082527,32.89011835882207,0.46426933558456126,24.0,0.0,0.0,0.0,2910184.5,0.0,2910184.5,0.0,0.0,0.0 
 07/14  17:35:00,31.85,26.51003852071819,314.2477209607889,5.0,0.0,76.923,0.0,33.87658852739507,24.0,0.0,0.0,3.3672294242061544,32.86849320289099,0.46426933558456126,24.0,0.0,0.0,0.0,2910184.5,0.0,2910184.5,0.0,0.0,0.0 
 07/14  17:40:00,31.800000000000006,26.494403081994077,314.4682246498195,5.0,0.0,76.923,0.0,33.8558105948724,24.0,0.0,0.0,3.3594682390053025,32.846024762021389,0.46426933558456126,24.0,0.0,0.0,0.0,2910184.5,0.0,2910184.5,0.0,0.0,0.0 
 07/14  17:45:00,31.750000000000005,26.478668855792966,314.6797883728696,5.0,0.0,76.923,0.0,33.835978394179488,24.0,0.0,0.0,3.3522321767944329,32.82555011985165,0.46426933558456126,24.0,0.0,0.0,0.0,2910184.5,0.0,2910184.5,0.0,0.0,0.0 
 07/14  17:50:00,31.700000000000004,26.46284498765219,314.88159097124756,5.0,0.0,76.923,0.0,33.81651890643349,24.0,0.0,0.0,3.3449274691796995,32.8037755577153,0.46426933558456126,24.0,0.0,0.0,0.0,2910184.5,0.0,2910184.5,0.0,0.0,0.0 
 07/14  17:55:00,31.650000000000003,26.446917989656336,315.07947613632907,5.0,0.0,76.923,0.0,33.797346718846998,24.0,0.0,0.0,3.3379642552212247,32.78345116110518,0.46426933558456126,24.0,0.0,0.0,0.0,2910184.5,0.0,2910184.5,0.0,0.0,0.0 
 07/14  18:00:00,31.6,26.430904553676436,315.2743187408526,5.0,0.0,76.923,0.0,33.778098934167839,24.0,0.0,0.0,3.330784940043566,32.76163040396291,0.46426933558456126,24.0,0.0,0.0,0.0,2910184.5,0.0,2910184.5,0.0,0.0,0.0 
 07/14  18:05:00,31.541666666666669,26.421703649739848,177.19370999999996,0.0,0.06247881183420947,76.923,0.0,33.631550496231358,40.0,0.0,0.0,3.3161399623539458,32.69935822588153,0.46426933558456126,40.0,0.0,0.0,0.0,1746110.7,0.0,1746110.7,0.0,0.0,0.0 
 07/14  18:10:00,31.483333333333336,26.41234603348883,177.19370999999996,0.0,0.062454822215862158,46.15379999999999,0.0,33.42757860936816,40.0,0.0,0.0,3.284107759342388,32.65249990248727,0.46426933558456126,40.0,0.0,0.0,0.0,1746110.7,0.0,1746110.7,0.0,0.0,0.0 
 07/14  18:15:00,31.425000000000006,26.402798273465394,177.19370999999996,0.0,0.06243683251270581,46.15379999999999,0.0,33.25786686890583,40.0,0.0,0.0,3.2450038533006047,32.595355600295388,0.46426933558456126,40.0,0.0,0.0,0.0,1746110.7,0.0,1746110.7,0.0,0.0,0.0 
 07/14  18:20:00,31.366666666666668,26.393077787105637,177.19370999999996,0.0,0.0624288250359916,46.15379999999999,0.0,33.144690563622948,40.0,0.0,0.0,3.2111229091621475,32.53888089992148,0.46426933558456126,40.0,0.0,0.0,0.0,1746110.7,0.0,1746110.7,0.0,0.0,0.0 
 07/14  18:25:00,31.308333333333335,26.38317440279815,177.19370999999996,0.0,0.06242787559049536,46.15379999999999,0.0,33.07139469779293,40.0,0.0,0.0,3.183273757229343,32.482757223133479,0.46426933558456126,40.0,0.0,0.0,0.0,1746110.7,0.0,1746110.7,0.0,0.0,0.0 
 07/14  18:30:00,31.25,26.373101719485967,177.19370999999996,0.0,0.062430078580657678,46.15379999999999,0.0,33.01590603095845,40.0,0.0,0.0,3.161412575016503,32.427644655956509,0.46426933558456126,40.0,0.0,0.0,0.0,1746110.7,0.0,1746110.7,0.0,0.0,0.0 
 07/14  18:35:00,31.191666666666664,26.36284318469363,177.19370999999996,0.0,0.06243303068139203,46.15379999999999,0.0,32.96467398029881,40.0,0.0,0.0,3.1420694180914059,32.37139289460213,0.46426933558456126,40.0,0.0,0.0,0.0,1746110.7,0.0,1746110.7,0.0,0.0,0.0 
 07/14  18:40:00,31.133333333333334,26.3524185746179,177.19370999999996,0.0,0.06243589007171841,46.15379999999999,0.0,32.91295965385315,40.0,0.0,0.0,3.1234559030746369,32.315707524017,0.46426933558456126,40.0,0.0,0.0,0.0,1746110.7,0.0,1746110.7,0.0,0.0,0.0 
 07/14  18:45:00,31.074999999999997,26.34181932547472,177.19370999999996,0.0,0.0624385732889691,46.15379999999999,0.0,32.86029481817143,40.0,0.0,0.0,3.104760960481798,32.26032068404481,0.46426933558456126,40.0,0.0,0.0,0.0,1746110.7,0.0,1746110.7,0.0,0.0,0.0 
 07/14  18:50:00,31.016666666666667,26.331037370473419,177.19370999999996,0.0,0.062441188016626129,46.15379999999999,0.0,32.80728533766569,40.0,0.0,0.0,3.085878592742449,32.20507182362754,0.46426933558456126,40.0,0.0,0.0,0.0,1746110.7,0.0,1746110.7,0.0,0.0,0.0 
 07/14  18:55:00,30.958333333333337,26.320089717658559,177.19370999999996,0.0,0.062443846896990468,46.15379999999999,0.0,32.754563463954777,40.0,0.0,0.0,3.066993318873259,32.15041221432863,0.46426933558456126,40.0,0.0,0.0,0.0,1746110.7,0.0,1746110.7,0.0,0.0,0.0 
 07/14  19:00:00,30.9,26.30897542101009,177.19370999999996,0.0,0.062445484379206449,46.15379999999999,0.0,32.69615490498735,40.0,0.0,0.0,3.0448446164129816,32.07768634984852,0.46426933558456126,40.0,0.0,0.0,0.0,1746110.7,0.0,1746110.7,0.0,0.0,0.0 
 07/14  19:05:00,30.833333333333333,26.29008042731297,86.42456999999999,0.0,0.06244723446137344,46.15379999999999,0.0,32.62960753793198,40.0,0.0,0.0,3.020658290112547,31.994686641422374,0.46426933558456126,40.0,0.0,0.0,0.0,882036.9,0.0,882036.9,0.0,0.0,0.0 
 07/14  19:10:00,30.766666666666667,26.27102488869399,86.42456999999999,0.0,0.06256088141816538,15.3846,0.0,32.56719221363432,40.0,0.0,0.0,2.9973211745456109,31.9290636303739,0.46426933558456126,40.0,0.0,0.0,0.0,882036.9,0.0,882036.9,0.0,0.0,0.0 
 07/14  19:15:00,30.699999999999997,26.251777412081205,86.42456999999999,0.0,0.06244607665259401,15.3846,0.0,32.47062081631212,40.0,0.0,0.0,2.9748837079524805,31.86477027531784,0.46426933558456126,40.0,0.0,0.0,0.0,882036.9,0.0,882036.9,0.0,0.0,0.0 
 07/14  19:20:00,30.633333333333334,26.23234380907446,86.42456999999999,0.0,0.062440624293782057,15.3846,0.0,32.36400790154915,40.0,0.0,0.0,2.946644346851161,31.802193289817049,0.46426933558456126,40.0,0.0,0.0,0.0,882036.9,0.0,882036.9,0.0,0.0,0.0 
 07/14  19:25:00,30.566666666666668,26.212724107636455,86.42456999999999,0.0,0.06243735642887222,15.3846,0.0,32.26971170685663,40.0,0.0,0.0,2.9163245730395106,31.738961818513827,0.46426933558456126,40.0,0.0,0.0,0.0,882036.9,0.0,882036.9,0.0,0.0,0.0 
 07/14  19:30:00,30.5,26.192926952353518,86.42456999999999,0.0,0.06243711953042502,15.3846,0.0,32.19241747728468,40.0,0.0,0.0,2.8880706798903867,31.67575579400976,0.46426933558456126,40.0,0.0,0.0,0.0,882036.9,0.0,882036.9,0.0,0.0,0.0 
 07/14  19:35:00,30.43333333333333,26.172948518546485,86.42456999999999,0.0,0.06243906674504498,15.3846,0.0,32.12736374923623,40.0,0.0,0.0,2.8631980672694197,31.614735246885478,0.46426933558456126,40.0,0.0,0.0,0.0,882036.9,0.0,882036.9,0.0,0.0,0.0 
 07/14  19:40:00,30.366666666666668,26.152785773439445,86.42456999999999,0.0,0.062442098092834717,15.3846,0.0,32.06839749996523,40.0,0.0,0.0,2.8406404742611128,31.554436942677357,0.46426933558456126,40.0,0.0,0.0,0.0,882036.9,0.0,882036.9,0.0,0.0,0.0 
 07/14  19:45:00,30.300000000000006,26.132453101295039,86.42456999999999,0.0,0.062445603894735458,15.3846,0.0,32.01211341638403,40.0,0.0,0.0,2.8195638489627394,31.49637700214463,0.46426933558456126,40.0,0.0,0.0,0.0,882036.9,0.0,882036.9,0.0,0.0,0.0 
 07/14  19:50:00,30.233333333333336,26.11193247933937,86.42456999999999,0.0,0.062449315762439578,15.3846,0.0,31.957013263251889,40.0,0.0,0.0,2.799174909174607,31.439553546091667,0.46426933558456126,40.0,0.0,0.0,0.0,882036.9,0.0,882036.9,0.0,0.0,0.0 
 07/14  19:55:00,30.16666666666667,26.091240157390094,86.42456999999999,0.0,0.06245312834442716,15.3846,0.0,31.902508462302277,40.0,0.0,0.0,2.779092288331993,31.383348082625255,0.46426933558456126,40.0,0.0,0.0,0.0,882036.9,0.0,882036.9,0.0,0.0,0.0 
 07/14  20:00:00,30.1,26.07036784969268,86.42456999999999,0.0,0.062457092793832307,15.3846,0.0,31.848882252865459,40.0,0.0,0.0,2.7594508362798857,31.329148288593779,0.46426933558456126,40.0,0.0,0.0,0.0,882036.9,0.0,882036.9,0.0,0.0,0.0 
 07/14  20:05:00,30.041666666666669,26.056987089586668,48.120569999999997,0.0,0.05827924374549531,15.3846,0.0,31.698543692724063,40.0,0.0,0.0,2.7384342402661039,31.26622428322296,0.46426933558456126,40.0,0.0,0.0,0.0,462036.9,0.0,462036.9,0.0,0.0,0.0 
 07/14  20:10:00,29.983333333333336,26.043459840698185,48.120569999999997,0.0,0.05409895680754894,15.3846,0.0,31.520020205104854,40.0,0.0,0.0,2.6993928003007578,31.204766245748858,0.46426933558456126,40.0,0.0,0.0,0.0,462036.9,0.0,462036.9,0.0,0.0,0.0 
 07/14  20:15:00,29.925000000000006,26.029763280929694,48.120569999999997,0.0,0.04992519988521968,15.3846,0.0,31.368350156023696,40.0,0.0,0.0,2.6542008591909207,31.140453923278199,0.46426933558456126,40.0,0.0,0.0,0.0,462036.9,0.0,462036.9,0.0,0.0,0.0 
 07/14  20:20:00,29.866666666666668,26.015903238122229,48.120569999999997,0.0,0.04575891571052495,15.3846,0.0,31.257765270973676,40.0,0.0,0.0,2.6140435969864797,31.07709039694949,0.46426933558456126,40.0,0.0,0.0,0.0,462036.9,0.0,462036.9,0.0,0.0,0.0 
 07/14  20:25:00,29.808333333333335,26.001881299764717,48.120569999999997,0.0,0.04159744347957593,15.3846,0.0,31.178351559152746,40.0,0.0,0.0,2.5820508321282777,31.0158454924812,0.46426933558456126,40.0,0.0,0.0,0.0,462036.9,0.0,462036.9,0.0,0.0,0.0 
 07/14  20:30:00,29.75,25.987709091636714,48.120569999999997,0.0,0.03743797234628937,15.3846,0.0,31.114524290617938,40.0,0.0,0.0,2.556255747707359,30.955722923240548,0.46426933558456126,40.0,0.0,0.0,0.0,462036.9,0.0,462036.9,0.0,0.0,0.0 
 07/14  20:35:00,29.691666666666664,25.973378086533736,48.120569999999997,0.0,0.03327897602570062,15.3846,0.0,31.056283888627104,40.0,0.0,0.0,2.533926362716371,30.898206072115586,0.46426933558456126,40.0,0.0,0.0,0.0,462036.9,0.0,462036.9,0.0,0.0,0.0 
 07/14  20:40:00,29.633333333333334,25.958883314859564,48.120569999999997,0.0,0.029119920567417615,15.3846,0.0,30.999685289810704,40.0,0.0,0.0,2.5129030676012387,30.842010526867204,0.46426933558456126,40.0,0.0,0.0,0.0,462036.9,0.0,462036.9,0.0,0.0,0.0 
 07/14  20:45:00,29.574999999999997,25.94422518623717,48.120569999999997,0.0,0.024960685109601485,15.3846,0.0,30.943859983416968,40.0,0.0,0.0,2.492299137245593,30.786446593053545,0.46426933558456126,40.0,0.0,0.0,0.0,462036.9,0.0,462036.9,0.0,0.0,0.0 
 07/14  20:50:00,29.516666666666667,25.929420776032079,48.120569999999997,0.0,0.020801273773165358,15.3846,0.0,30.889315046844805,40.0,0.0,0.0,2.4721832694244609,30.732912495680883,0.46426933558456126,40.0,0.0,0.0,0.0,462036.9,0.0,462036.9,0.0,0.0,0.0 
 07/14  20:55:00,29.458333333333337,25.914451755309409,48.120569999999997,0.0,0.016641647286091314,15.3846,0.0,30.83616836888224,40.0,0.0,0.0,2.452383237033545,30.67980602244527,0.46426933558456126,40.0,0.0,0.0,0.0,462036.9,0.0,462036.9,0.0,0.0,0.0 
 07/14  21:00:00,29.4,25.899327270659268,48.120569999999997,0.0,0.012481761838331383,15.3846,0.0,30.784573484189964,40.0,0.0,0.0,2.433174733814789,30.628604599827655,0.46426933558456126,40.0,0.0,0.0,0.0,462036.9,0.0,462036.9,0.0,0.0,0.0 
 07/14  21:05:00,29.358333333333336,25.899556257092219,14.0821425,0.0,0.012481589282977282,15.3846,0.0,30.731172930253284,40.0,0.0,0.0,2.4124466239075326,30.566681909697836,0.46426933558456126,40.0,0.0,0.0,0.0,138009.225,0.0,138009.225,0.0,0.0,0.0 
 07/14  21:10:00,29.316666666666668,25.89968439253459,14.0821425,0.0,0.012480908246120753,3.84615,0.0,30.663845617924847,40.0,0.0,0.0,2.3926858841360154,30.51259746712402,0.46426933558456126,40.0,0.0,0.0,0.0,138009.225,0.0,138009.225,0.0,0.0,0.0 
 07/14  21:15:00,29.275,25.899661100250705,14.0821425,0.0,0.012480117741339914,3.84615,0.0,30.593568750282203,40.0,0.0,0.0,2.3702381773447747,30.45904318507851,0.46426933558456126,40.0,0.0,0.0,0.0,138009.225,0.0,138009.225,0.0,0.0,0.0 
 07/14  21:20:00,29.233333333333336,25.899517226988125,14.0821425,0.0,0.012479521035763955,3.84615,0.0,30.528666259522283,40.0,0.0,0.0,2.3472896649502879,30.406109443617738,0.46426933558456126,40.0,0.0,0.0,0.0,138009.225,0.0,138009.225,0.0,0.0,0.0 
 07/14  21:25:00,29.191666666666664,25.899246201457037,14.0821425,0.0,0.012479171556050792,3.84615,0.0,30.4705928760468,40.0,0.0,0.0,2.325560338287521,30.354151683596869,0.46426933558456126,40.0,0.0,0.0,0.0,138009.225,0.0,138009.225,0.0,0.0,0.0 
 07/14  21:30:00,29.15,25.898850836739038,14.0821425,0.0,0.012478997087541987,3.84615,0.0,30.417358573624168,40.0,0.0,0.0,2.305380260373713,30.303360819885204,0.46426933558456126,40.0,0.0,0.0,0.0,138009.225,0.0,138009.225,0.0,0.0,0.0 
 07/14  21:35:00,29.108333333333336,25.898333330183289,14.0821425,0.0,0.012478917744522074,3.84615,0.0,30.366767717895756,40.0,0.0,0.0,2.286358917441748,30.253746647206485,0.46426933558456126,40.0,0.0,0.0,0.0,138009.225,0.0,138009.225,0.0,0.0,0.0 
 07/14  21:40:00,29.066666666666668,25.89768978161962,14.0821425,0.0,0.012478888723729954,3.84615,0.0,30.317589990191416,40.0,0.0,0.0,2.268048911893279,30.20524653927508,0.46426933558456126,40.0,0.0,0.0,0.0,138009.225,0.0,138009.225,0.0,0.0,0.0 
 07/14  21:45:00,29.025,25.896921225699363,14.0821425,0.0,0.012478895344625384,3.84615,0.0,30.26942144950013,40.0,0.0,0.0,2.250194308990385,30.157797952634245,0.46426933558456126,40.0,0.0,0.0,0.0,138009.225,0.0,138009.225,0.0,0.0,0.0 
 07/14  21:50:00,28.98333333333333,25.89602230595397,14.0821425,0.0,0.012478936518661659,3.84615,0.0,30.222230906239799,40.0,0.0,0.0,2.2327071252537435,30.11135750559901,0.46426933558456126,40.0,0.0,0.0,0.0,138009.225,0.0,138009.225,0.0,0.0,0.0 
 07/14  21:55:00,28.941666666666664,25.8950054059641,14.0821425,0.0,0.012479013716123873,3.84615,0.0,30.176057047044379,40.0,0.0,0.0,2.2155768493850656,30.065896889869845,0.46426933558456126,40.0,0.0,0.0,0.0,138009.225,0.0,138009.225,0.0,0.0,0.0 
 07/14  22:00:00,28.9,25.893863658311895,14.0821425,0.0,0.012479127151305052,3.84615,0.0,30.130904221578107,40.0,0.0,0.0,2.1988078579625465,30.02139314689728,0.46426933558456126,40.0,0.0,0.0,0.0,138009.225,0.0,138009.225,0.0,0.0,0.0 
 07/14  22:05:00,28.874999999999998,25.895639028780854,14.0821425,0.0,0.012478588748805669,3.84615,0.0,30.086925498244896,40.0,0.0,0.0,2.1824371208032318,29.978060155350133,0.46426933558456126,40.0,0.0,0.0,0.0,138009.225,0.0,138009.225,0.0,0.0,0.0 
 07/14  22:10:00,28.849999999999999,25.897382492261497,14.0821425,0.0,0.012478086490388462,3.84615,0.0,30.04395651313964,40.0,0.0,0.0,2.1664559671159058,29.935659244985776,0.46426933558456126,40.0,0.0,0.0,0.0,138009.225,0.0,138009.225,0.0,0.0,0.0 
 07/14  22:15:00,28.824999999999997,25.899065369796877,14.0821425,0.0,0.012477622550327096,3.84615,0.0,30.002055388055969,40.0,0.0,0.0,2.1508398976382239,29.894239463117918,0.46426933558456126,40.0,0.0,0.0,0.0,138009.225,0.0,138009.225,0.0,0.0,0.0 
 07/14  22:20:00,28.800000000000006,25.900692225762574,14.0821425,0.0,0.01247719660883504,3.84615,0.0,29.961212185177908,40.0,0.0,0.0,2.1356231537569707,29.853933880455217,0.46426933558456126,40.0,0.0,0.0,0.0,138009.225,0.0,138009.225,0.0,0.0,0.0 
 07/14  22:25:00,28.775,25.902270773423746,14.0821425,0.0,0.012476800365068809,3.84615,0.0,29.92119913391055,40.0,0.0,0.0,2.1207107240935287,29.81418318426123,0.46426933558456126,40.0,0.0,0.0,0.0,138009.225,0.0,138009.225,0.0,0.0,0.0 
 07/14  22:30:00,28.75,25.903805259008739,14.0821425,0.0,0.012476437288179746,3.84615,0.0,29.882110044650799,40.0,0.0,0.0,2.1061485237455015,29.775538007831785,0.46426933558456126,40.0,0.0,0.0,0.0,138009.225,0.0,138009.225,0.0,0.0,0.0 
 07/14  22:35:00,28.724999999999999,25.905275457624108,14.0821425,0.0,0.012476108540218491,3.84615,0.0,29.84397564024268,40.0,0.0,0.0,2.0919287119662717,29.73783583689857,0.46426933558456126,40.0,0.0,0.0,0.0,138009.225,0.0,138009.225,0.0,0.0,0.0 
 07/14  22:40:00,28.700000000000004,25.90670635775704,14.0821425,0.0,0.012475812652404635,3.84615,0.0,29.806754730792219,40.0,0.0,0.0,2.078028731298863,29.700902265659566,0.46426933558456126,40.0,0.0,0.0,0.0,138009.225,0.0,138009.225,0.0,0.0,0.0 
 07/14  22:45:00,28.675000000000006,25.90808070437677,14.0821425,0.0,0.012475547304622232,3.84615,0.0,29.77038335547491,40.0,0.0,0.0,2.0644437379355589,29.664756908488099,0.46426933558456126,40.0,0.0,0.0,0.0,138009.225,0.0,138009.225,0.0,0.0,0.0 
 07/14  22:50:00,28.650000000000003,25.909407211446653,14.0821425,0.0,0.012475305638197807,3.84615,0.0,29.73467372028466,40.0,0.0,0.0,2.0511241402674926,29.629178210429456,0.46426933558456126,40.0,0.0,0.0,0.0,138009.225,0.0,138009.225,0.0,0.0,0.0 
 07/14  22:55:00,28.625000000000005,25.910681457188834,14.0821425,0.0,0.012475092903681427,3.84615,0.0,29.69976811488051,40.0,0.0,0.0,2.0381037340314598,29.5945991170416,0.46426933558456126,40.0,0.0,0.0,0.0,138009.225,0.0,138009.225,0.0,0.0,0.0 
 07/14  23:00:00,28.6,25.911908382872235,14.0821425,0.0,0.012474911496747872,3.84615,0.0,29.665730945356484,40.0,0.0,0.0,2.0253912454701195,29.5608970960872,0.46426933558456126,40.0,0.0,0.0,0.0,138009.225,0.0,138009.225,0.0,0.0,0.0 
 07/14  23:05:00,28.583333333333337,25.933366392122534,14.0821425,0.0,0.01247450496946808,3.84615,0.0,29.63253604367455,40.0,0.0,0.0,2.012965787028293,29.527866178209224,0.46426933558456126,40.0,0.0,0.0,0.0,138009.225,0.0,138009.225,0.0,0.0,0.0 
 07/14  23:10:00,28.56666666666667,25.954768148416176,14.0821425,0.0,0.012474120381652339,3.84615,0.0,29.599955191592394,40.0,0.0,0.0,2.000772627373125,29.495206456021476,0.46426933558456126,40.0,0.0,0.0,0.0,138009.225,0.0,138009.225,0.0,0.0,0.0 
 07/14  23:15:00,28.550000000000006,25.97607660112482,14.0821425,0.0,0.012473754126975965,3.84615,0.0,29.567890026433184,40.0,0.0,0.0,1.9887952732081523,29.463099236336086,0.46426933558456126,40.0,0.0,0.0,0.0,138009.225,0.0,138009.225,0.0,0.0,0.0 
 07/14  23:20:00,28.533333333333336,25.997307902108596,14.0821425,0.0,0.012473406030418336,3.84615,0.0,29.536335224977916,40.0,0.0,0.0,1.9770234568255312,29.4316031202209,0.46426933558456126,40.0,0.0,0.0,0.0,138009.225,0.0,138009.225,0.0,0.0,0.0 
 07/14  23:25:00,28.516666666666667,26.018457615697604,14.0821425,0.0,0.0124730839272547,3.84615,0.0,29.50550312644122,40.0,0.0,0.0,1.9655126301460156,29.401059708368967,0.46426933558456126,40.0,0.0,0.0,0.0,138009.225,0.0,138009.225,0.0,0.0,0.0 
 07/14  23:30:00,28.5,26.039536054774165,14.0821425,0.0,0.012472790789264764,3.84615,0.0,29.475473945357299,40.0,0.0,0.0,1.954277097159852,29.371293030518179,0.46426933558456126,40.0,0.0,0.0,0.0,138009.225,0.0,138009.225,0.0,0.0,0.0 
 07/14  23:35:00,28.483333333333336,26.06052198263746,14.0821425,0.0,0.01247251988615968,3.84615,0.0,29.44606437114408,40.0,0.0,0.0,1.943249082649171,29.341792159998769,0.46426933558456126,40.0,0.0,0.0,0.0,138009.225,0.0,138009.225,0.0,0.0,0.0 
 07/14  23:40:00,28.466666666666666,26.081439244604824,14.0821425,0.0,0.012472273885032342,3.84615,0.0,29.41734610626397,40.0,0.0,0.0,1.9324787001443964,29.313087237768199,0.46426933558456126,40.0,0.0,0.0,0.0,138009.225,0.0,138009.225,0.0,0.0,0.0 
 07/14  23:45:00,28.449999999999997,26.102285960476626,14.0821425,0.0,0.01247205289491533,3.84615,0.0,29.389321586637437,40.0,0.0,0.0,1.9219740690808858,29.285138161716863,0.46426933558456126,40.0,0.0,0.0,0.0,138009.225,0.0,138009.225,0.0,0.0,0.0 
 07/14  23:50:00,28.433333333333335,26.123039655712213,14.0821425,0.0,0.012471849809864128,3.84615,0.0,29.36179760804397,40.0,0.0,0.0,1.9116511531273322,29.257431862753326,0.46426933558456126,40.0,0.0,0.0,0.0,138009.225,0.0,138009.225,0.0,0.0,0.0 
 07/14  23:55:00,28.416666666666666,26.143726651614846,14.0821425,0.0,0.012471667269371016,3.84615,0.0,29.334845156402396,40.0,0.0,0.0,1.9015574007577239,29.230496116064147,0.46426933558456126,40.0,0.0,0.0,0.0,138009.225,0.0,138009.225,0.0,0.0,0.0 
 07/14  24:00:00,28.4,26.164334373937593,14.0821425,0.0,0.012471507068875114,3.84615,0.0,29.3085127140818,40.0,0.0,0.0,1.8916927367023966,29.204242064227267,0.46426933558456126,40.0,0.0,0.0,0.0,138009.225,0.0,138009.225,0.0,0.0,0.0 
